Country,Sector,Parent sector,1850,1851,1852,1853,1854,1855,1856,1857,1858,1859,1860,1861,1862,1863,1864,1865,1866,1867,1868,1869,1870,1871,1872,1873,1874,1875,1876,1877,1878,1879,1880,1881,1882,1883,1884,1885,1886,1887,1888,1889,1890,1891,1892,1893,1894,1895,1896,1897,1898,1899,1900,1901,1902,1903,1904,1905,1906,1907,1908,1909,1910,1911,1912,1913,1914,1915,1916,1917,1918,1919,1920,1921,1922,1923,1924,1925,1926,1927,1928,1929,1930,1931,1932,1933,1934,1935,1936,1937,1938,1939,1940,1941,1942,1943,1944,1945,1946,1947,1948,1949,1950,1951,1952,1953,1954,1955,1956,1957,1958,1959,1960,1961,1962,1963,1964,1965,1966,1967,1968,1969,1970,1971,1972,1973,1974,1975,1976,1977,1978,1979,1980,1981,1982,1983,1984,1985,1986,1987,1988,1989,1990,1991,1992,1993,1994,1995,1996,1997,1998,1999,2000,2001,2002,2003,2004,2005,2006,2007,2008,2009,2010,2011,2012,2013,2014
ABW,Total including LULUCF,,0.0419,0.0441,0.0465,0.049,0.0517,0.0545,0.0575,0.0606,0.0638,0.0671,0.0706,0.0741,0.0778,0.0817,0.0858,0.09,0.0945,0.0991,0.104,0.109,0.114,0.12,0.126,0.132,0.139,0.145,0.153,0.16,0.167,0.175,0.183,0.191,0.199,0.208,0.216,0.226,0.235,0.245,0.255,0.265,0.297,0.308,0.321,0.335,0.351,0.367,0.385,0.403,0.422,0.442,0.463,0.485,0.51,0.537,0.565,0.595,0.625,0.655,0.686,0.715,0.744,0.771,0.798,0.824,0.85,0.876,0.903,0.93,0.958,0.987,1.02,1.05,1.08,1.12,1.15,1.42,1.83,1.8,4.72,5.92,7.25,6.17,5.99,6.39,7.12,8.22,8.78,10.6,11.4,10.7,8.87,11,6.39,10.3,12.9,15,16.5,18.2,18.5,9.85,1.2,1.89,1.09,1.26,2.56,2.11,2.74,1.87,1.64,2.11,1.81,1.89,2.08,1.99,1.93,1.73,1.62,2,1.86,2.43,2.71,2.36,2.29,2.54,2.3,1.68,3.55,1.87,1.59,1.67,1.72,1.64,1.83,0.957,2.34,2.73,0.214,0.481,0.646,0.683,1.77,1.81,1.6,1.64,1.64,1.65,1.66,1.7,1.76,1.8,2.37,2.41,2.42,2.47,2.47,2.55,2.55,2.65,2.57,2.58,2.52,2.5,1.36,0.935,1.07
AFG,Total including LULUCF,,0.0803,0.0803,0.0803,0.0803,0.0804,0.0804,0.0804,0.0804,0.0804,0.0804,0.0805,0.175,0.193,0.21,0.218,0.225,0.232,0.238,0.243,0.249,0.254,0.259,0.263,0.267,0.272,0.276,0.279,0.282,0.285,0.288,0.29,0.293,0.296,0.298,0.301,0.304,0.306,0.309,0.311,0.314,0.316,0.319,0.321,0.323,0.326,0.328,0.33,0.332,0.334,0.337,0.339,0.386,0.396,0.405,0.41,0.414,0.418,0.421,0.424,0.427,0.43,0.433,0.435,0.437,0.439,0.441,0.442,0.443,0.444,0.445,0.445,0.445,0.446,0.446,0.446,0.446,0.609,0.645,0.678,0.686,0.693,0.705,0.716,0.728,0.739,0.749,0.76,0.769,0.779,0.788,0.796,0.804,0.811,0.818,0.824,0.83,0.836,0.842,0.849,0.842,0.923,0.763,0.736,0.712,0.681,0.688,0.71,0.816,0.846,0.896,0.924,0.994,1.2,1.21,1.34,1.51,1.63,1.84,1.8,1.5,2.22,2.45,2.1,2.2,2.49,2.71,2.6,2.99,2.74,2.81,2.34,2.47,2.59,3,3.36,4.07,3.7,3.7,3.45,3.37,3.21,2.97,1.93,1.87,1.77,1.73,1.67,1.58,1.53,1.31,1.3,1.17,1.41,1.56,1.49,1.88,2.2,2.82,4.77,7.34,9.03,12.8,21,21.9,25
AGO,Total including LULUCF,,-0.611,-0.484,-0.42,-0.447,-0.41,-0.495,-0.476,-0.494,-0.633,-0.755,-0.878,-1,-0.937,-0.788,-0.554,-0.232,-0.114,0.0038,0.0194,-0.0968,-0.213,-0.327,-0.441,-0.312,-0.106,-0.0031,0.1,0.118,0.136,0.153,0.0495,-0.044,-0.137,-0.244,-0.107,0.0294,0.166,0.208,0.13,0.0276,0.0465,-0.0935,-0.234,-0.457,-0.643,-0.551,-0.563,-0.388,-0.212,-0.163,-0.228,-0.296,0.00252,0.689,1.61,2.81,4.26,5.77,7.28,8.72,10,11.3,12.7,13.9,15.1,16.3,17.5,19,20.2,21.5,22.8,23.9,24.9,25.9,26.7,27.5,28.3,29,30,30.9,31.8,32.8,33.7,34.8,35.8,37.4,38.3,39.4,40.5,41.7,43,44,45.3,46.5,47.8,49.1,50.5,51.8,53.9,56,58.3,60.7,58.9,60.5,62.2,64.2,66.1,68,69.6,71.2,72.7,73.8,75,77.9,79,80.5,80.3,80.3,78.7,83.8,80.9,82.5,85.7,88.2,90.3,84.3,91.2,82.2,87.8,88.6,85.3,97.4,105,113,119,114,112,113,117,114,116,113,124,130,138,156,155,144,156,155,154,154,155,134,144,151,97.5,117,103,106,110,132,112,122,112
AIA,Total including LULUCF,,0.000164,0.000173,0.000182,0.000192,0.000203,0.000214,0.000225,0.000238,0.00025,0.000263,0.000277,0.000291,0.000305,0.00032,0.000336,0.000353,0.00037,0.000389,0.000408,0.000427,0.000448,0.00047,0.000493,0.000517,0.000543,0.00057,0.000598,0.000627,0.000656,0.000687,0.000717,0.000749,0.000781,0.000814,0.000849,0.000884,0.000921,0.000959,0.000998,0.00104,0.00108,0.00113,0.00117,0.00122,0.00127,0.00132,0.00138,0.00144,0.0015,0.00156,0.00162,0.0017,0.00178,0.00188,0.00198,0.00208,0.00218,0.00227,0.00236,0.00243,0.00249,0.00254,0.00258,0.00261,0.00265,0.00268,0.00271,0.00274,0.00277,0.0028,0.00283,0.00287,0.0029,0.00293,0.00297,0.003,0.00303,0.00307,0.00311,0.00315,0.0032,0.00325,0.00331,0.00338,0.00345,0.00353,0.00361,0.00369,0.00378,0.00386,0.00395,0.00403,0.00412,0.0042,0.00428,0.00437,0.00447,0.00457,0.00469,0.00481,0.00496,0.00512,0.00533,0.00557,0.00584,0.00614,0.00646,0.00679,0.00713,0.00748,0.00783,0.00821,0.00863,0.00908,0.00955,0.0113,0.012,0.0122,0.013,0.0135,0.0144,0.0188,0.02,0.0209,0.0227,0.0215,0.021,0.0231,0.0253,0.0276,0.0305,0.032,0.0296,0.0317,0.0299,0.0278,0.0334,0.0345,0.0338,0.034,0.035,0.0353,0.0343,0.0361,0.0368,0.0396,0.0402,0.044,0.0477,0.0513,0.0623,0.0953,0.0953,0.103,0.121,0.128,0.195,0.203,0.203,0.199,0.203,0.147,0.147,0.139,0.14
ALB,Total including LULUCF,,2.11,2.11,2.1,2.1,2.1,2.1,2.1,2.1,2.1,2.1,2.1,2.1,2.11,2.11,2.11,2.12,2.12,2.13,2.13,2.14,2.14,1.99,1.97,1.94,1.92,1.9,1.88,1.87,1.85,1.84,1.83,1.82,1.81,1.8,1.79,1.78,1.78,1.79,1.8,1.8,1.81,1.82,1.82,1.83,1.84,1.84,1.85,1.85,1.86,1.86,1.87,1.88,1.89,1.89,1.9,1.91,1.92,1.93,1.95,1.96,1.97,1.98,1.99,2,2.01,2.02,2.03,2.05,2.06,2.07,2.08,2.1,2.11,2.12,2.14,2.15,2.14,2.13,2.11,2.1,2.08,2.05,2.02,1.96,1.93,1.91,1.98,2.11,2.13,2.18,2.4,2.29,2.37,2.05,1.7,1.62,1.96,2.37,2.11,2.39,1.62,1.7,1.66,1.68,1.76,1.92,2.11,2.79,2.49,2.75,3.35,3.56,3.74,3.36,3.3,3.47,3.86,4.01,4.42,4.62,5.04,5.57,6.81,6.43,5.42,5.48,5.76,6.46,7.19,8.23,5.74,7.89,7.75,8,8.23,8.28,8.47,7.85,7.74,9.46,5.78,4.71,2.74,2.58,2.24,2.34,2.25,1.76,1.99,3.22,3.24,4.21,4.77,5.32,5.23,5.31,3.88,3.93,4.37,4.35,4.58,5.1,4.58,4.69,4.95
AND,Total including LULUCF,,0.00723,0.0077,0.00821,0.00876,0.00934,0.00995,0.0106,0.0113,0.0119,0.0127,0.0134,0.0142,0.015,0.0158,0.0167,0.0176,0.0186,0.0196,0.0207,0.0218,0.0229,0.0237,0.0249,0.0262,0.0275,0.029,0.0304,0.032,0.0336,0.0352,0.0368,0.0385,0.0403,0.0421,0.0439,0.0459,0.0479,0.05,0.0522,0.0545,0.06,0.0623,0.0649,0.0676,0.0705,0.0736,0.0768,0.0802,0.0837,0.0873,0.091,0.0952,0.0999,0.105,0.11,0.116,0.122,0.127,0.132,0.136,0.14,0.143,0.146,0.148,0.15,0.153,0.155,0.157,0.159,0.162,0.165,0.168,0.172,0.176,0.181,0.186,0.19,0.194,0.198,0.201,0.203,0.204,0.206,0.207,0.208,0.209,0.21,0.211,0.212,0.212,0.212,0.212,0.21,0.209,0.207,0.205,0.203,0.201,0.199,0.198,0.197,0.198,0.202,0.207,0.214,0.222,0.232,0.242,0.253,0.263,0.274,0.286,0.301,0.319,0.338,0.358,0.377,0.395,0.41,0.422,0.429,0.433,0.445,0.471,0.459,0.437,0.464,0.459,0.47,0.493,0.471,0.45,0.432,0.429,0.43,0.437,0.438,0.441,0.442,0.444,0.444,0.439,0.428,0.42,0.423,0.388,0.406,0.439,0.465,0.494,0.505,0.495,0.503,0.506,0.536,0.547,0.507,0.5,0.5,0.478,0.478,0.47,0.47,0.47,0.484
ANT,Total including LULUCF,,0.216,0.227,0.24,0.253,0.267,0.281,0.296,0.312,0.329,0.346,0.363,0.382,0.401,0.421,0.442,0.464,0.487,0.51,0.535,0.561,0.588,0.617,0.647,0.679,0.713,0.749,0.785,0.823,0.862,0.902,0.942,0.984,1.03,1.07,1.11,1.16,1.21,1.26,1.31,1.37,1.53,1.59,1.66,1.73,1.81,1.89,1.98,2.08,2.18,2.28,2.39,2.5,2.63,2.77,2.91,3.07,3.22,3.38,3.53,3.69,3.83,3.97,4.11,4.25,4.38,4.52,4.65,4.79,4.94,5.09,5.25,5.42,5.59,5.77,5.95,7.31,9.43,9.29,24.4,30.6,37.4,31.9,30.9,33,36.7,42.4,45.3,54.8,58.7,55.3,45.8,56.5,32.9,53.2,66.7,77.4,85.1,93.7,95.4,50.5,5.5,8.67,5.01,5.8,11.7,9.71,12.5,9.63,8.44,10.9,9.34,9.75,10.7,10.3,9.97,8.94,8.36,10.3,9.58,12.5,14,12.2,11.8,13.1,11.9,8.62,18.4,9.62,8.2,8.6,8.85,8.43,9.42,4.86,12.1,14.1,3.08,2.74,2.7,5.11,5.47,4.38,3.63,5.59,5.36,5.31,4.97,5.19,0.362,2.19,5.69,5.8,5.59,5.6,5.87,5.82,6.07,6.83,6.57,6.72,4.66,5.91,7.17,6.43,6.22
ARE,Total including LULUCF,,0.0000263,0.0000277,0.0000292,0.0000308,0.0000325,0.0000343,0.0000362,0.0000381,0.0000401,0.0000422,0.0000444,0.0000466,0.0000489,0.0000514,0.0000539,0.0000566,0.0000594,0.0000623,0.0000654,0.0000685,0.0000718,0.0000753,0.000079,0.000083,0.0000871,0.0000914,0.0000959,0.000101,0.000105,0.00011,0.000115,0.00012,0.000125,0.000131,0.000136,0.000142,0.000148,0.000154,0.00016,0.000167,0.000189,0.000197,0.000206,0.000216,0.000227,0.000238,0.00025,0.000263,0.000277,0.000291,0.000305,0.000321,0.000338,0.000356,0.000376,0.000397,0.000418,0.00044,0.000462,0.000484,0.000506,0.00053,0.000556,0.000584,0.000613,0.000641,0.000669,0.000694,0.000715,0.000732,0.000744,0.000752,0.000757,0.000762,0.000765,0.000769,0.000772,0.000776,0.000781,0.000788,0.000797,0.000863,0.00102,0.00126,0.00156,0.00189,0.00224,0.0026,0.00292,0.00321,0.00344,0.00362,0.00376,0.00389,0.004,0.00412,0.00424,0.00437,0.00453,0.00472,0.00495,0.00528,0.00577,0.0064,0.00714,0.00798,0.00889,0.00987,0.0109,0.00952,0.00952,0.00952,0.0159,0.019,0.0159,0.019,0.0222,0.796,1.08,20.4,15.1,21,23.2,30.3,30.9,30.5,38.8,37.6,43.3,34.1,34.2,33.2,32.9,31.6,42.9,45,42,42.1,42.2,47.6,45.8,49.1,50.2,56.9,63.3,69.8,76.4,85,91.5,97.6,104,111,118,125,132,139,149,163,189,201,193,191,207,203,215
ARG,Total including LULUCF,,-1.82,-1.86,-1.89,-1.91,-1.93,-1.95,-1.96,-1.97,-1.98,-1.99,-2.04,-1.92,-1.88,-1.85,-1.83,-1.81,-1.85,-1.89,-1.92,-1.96,-1.94,-1.93,-1.93,-1.92,-1.91,-1.89,-1.86,-1.77,-1.7,-1.62,-1.54,2.49,3.63,4.56,5.33,5.99,6.58,6.87,6.91,7.86,7.67,5.15,5.09,4.9,5.02,5.05,4.95,4.66,4.8,5.23,4.46,12.5,15,16.9,19.2,20.6,23.1,23.6,25.2,24.1,26.9,20,17.3,16.1,13.2,10.4,8.22,5.47,5.37,6.11,7.69,13,16.1,18.3,21.5,22.7,23,25,24.6,25.1,25,26.5,27.2,27.6,28.7,28.7,29.9,31.6,31.5,32.6,31.5,29.7,29.3,29.8,29.7,29.5,29.9,31.1,34,32.8,45.7,57.4,60.8,62,65.1,68.9,73.9,77.6,75.3,80,80.4,97,104,104,112,117,123,126,130,138,143,141,141,143,144,142,147,148,150,157,156,150,178,187,194,194,202,214,220,218,216,219,207,206,207,206,207,208,207,206,207,196,186,194,213,216,263,255,272,263,263,263,267,262,263
ARM,Total including LULUCF,,1.2,1.2,1.21,1.21,1.22,1.22,1.23,1.23,1.24,1.25,1.25,1.26,1.13,1.13,1.13,1.13,1.13,1.13,1.13,1.12,1.12,1.12,1.13,1.13,1.14,1.14,1.15,1.15,1.16,1.16,1.16,1.17,1.17,1.17,1.18,1.19,1.19,1.2,1.2,1.2,1.21,1.22,1.23,1.24,1.24,1.26,1.26,1.27,1.28,1.29,1.31,1.33,1.32,1.31,1.32,1.29,1.31,1.32,1.32,1.32,1.33,1.32,1.33,1.41,1.43,1.46,1.49,1.49,1.44,1.46,1.47,1.49,1.53,1.55,1.58,1.61,1.65,1.69,1.71,1.74,1.86,1.93,1.93,1.95,1.98,1.99,2.01,1.99,1.99,1.96,1.96,1.67,1.48,1.37,1.37,1.12,1.12,1.16,1.17,1.21,1.29,3.08,3.51,3.92,4.36,4.86,5.4,5.98,6.58,5.74,6.06,6.28,6.62,6.97,7.34,7.69,7.88,8.11,8.27,8.48,8.1,8.38,8.59,8.8,9.16,9.59,9.96,10.3,10.7,10.8,11.1,11.4,11.6,11.9,12.2,12.8,12.6,13.5,13.9,13.8,22.5,20.2,18.3,16.5,14.6,12.7,10.9,9.05,7.21,5.36,3.52,3.67,3.83,3.99,4.18,4.34,4.52,4.6,4.68,4.75,4.83,5.3,6.13,5.92,6.4
ATA,Total including LULUCF,,0.000104,0.00011,0.000116,0.000122,0.000129,0.000136,0.000143,0.000151,0.000159,0.000167,0.000176,0.000185,0.000194,0.000204,0.000214,0.000224,0.000235,0.000247,0.000259,0.000272,0.000285,0.000298,0.000313,0.000329,0.000345,0.000362,0.00038,0.000398,0.000417,0.000436,0.000456,0.000476,0.000496,0.000518,0.000539,0.000562,0.000585,0.000609,0.000635,0.000661,0.000688,0.000716,0.000745,0.000776,0.000808,0.000841,0.000876,0.000913,0.000951,0.00099,0.00103,0.00108,0.00113,0.00119,0.00126,0.00132,0.00138,0.00144,0.0015,0.00155,0.00158,0.00161,0.00164,0.00166,0.00168,0.0017,0.00172,0.00174,0.00176,0.00178,0.0018,0.00182,0.00184,0.00186,0.00189,0.00191,0.00193,0.00195,0.00198,0.002,0.00203,0.00207,0.00211,0.00215,0.00219,0.00224,0.00229,0.00235,0.0024,0.00246,0.00251,0.00256,0.00262,0.00267,0.00272,0.00278,0.00284,0.00291,0.00298,0.00306,0.00315,0.00326,0.00339,0.00354,0.00371,0.0039,0.0041,0.00431,0.00453,0.00475,0.00498,0.00522,0.00548,0.00577,0.00607,0.00638,0.00669,0.007,0.00731,0.0076,0.00788,0.00814,0.0084,0.00867,0.00893,0.00918,0.00943,0.00966,0.00989,0.0101,0.0103,0.0105,0.0107,0.0108,0.011,0.0112,0.0113,0.00367,0.00733,0.00733,0.011,0.0147,0.0147,0.0147,0.0147,0.00367,0.00367,0.00367,0.00367,0.00367,0.00367,0.00367,0.00367,0.00367,0.00733,0.00733,0.00733,0.011,0.00531,0.00518,0.00505,0.00492,0.00478,0.00465,0.00452
ATG,Total including LULUCF,,0.00000877,0.00000924,0.00000973,0.0000103,0.0000108,0.0000114,0.000012,0.0000127,0.0000134,0.0000141,0.0000148,0.0000155,0.0000163,0.0000171,0.000018,0.0000189,0.0000198,0.0000208,0.0000218,0.0000228,0.0000239,0.0000251,0.0000263,0.0000276,0.000029,0.0000305,0.000032,0.0000335,0.0000351,0.0000367,0.0000383,0.00004,0.0000417,0.0000435,0.0000454,0.0000472,0.0000492,0.0000512,0.0000534,0.0000556,0.0000578,0.0000602,0.0000627,0.0000653,0.000068,0.0000708,0.0000737,0.0000767,0.0000799,0.0000833,0.0000868,0.0000907,0.0000953,0.0001,0.000106,0.000111,0.000116,0.000121,0.000126,0.00013,0.000133,0.000136,0.000138,0.00014,0.000141,0.000143,0.000145,0.000146,0.000148,0.00015,0.000151,0.000153,0.000155,0.000157,0.000159,0.00016,0.000162,0.000164,0.000166,0.000169,0.000171,0.000174,0.000177,0.000181,0.000185,0.000189,0.000193,0.000197,0.000202,0.000206,0.000211,0.000216,0.00022,0.000224,0.000229,0.000234,0.000239,0.000244,0.00025,0.000248,0.000409,0.000307,0.000511,0.000614,0.000511,0.000818,0.000818,0.0234,0.0313,0.0313,0.0391,0.0508,0.109,0.0899,0.0977,0.16,0.371,0.602,1.05,1.34,0.511,0.474,0.422,0.378,0.476,0.754,0.45,0.512,0.538,0.454,0.19,0.154,0.341,0.132,0.194,0.297,0.297,0.322,0.333,0.333,0.348,0.338,0.338,0.354,0.362,0.375,0.376,0.391,0.389,0.405,0.402,0.403,0.422,0.448,0.467,0.472,0.58,0.625,0.637,0.667,0.682,0.585,0.597,0.598,0.616
AUS,Total including LULUCF,,7.82,7.81,7.8,7.79,7.78,7.77,7.76,7.75,7.74,7.73,8.09,8.57,8.6,8.94,9.07,9.59,10.3,10.8,10.9,11.1,11.4,27.2,32.1,36.4,38,39.2,40.4,41.6,42.3,43.7,45.4,45.5,46.6,47.8,48.7,49.9,50.5,51.4,52.8,53.2,53.9,54.9,55.6,55.9,56.9,57.6,58,59,60.1,60.7,65.5,67.4,68.1,68.6,69.7,71,74,75.9,77.9,76.5,80,82.4,84.6,86.7,89.4,87.3,85.5,87.5,90.1,89.5,93.9,92.1,93.8,94.9,97.5,99,99.2,101,99.2,97.2,96.2,94.4,95.7,97.6,99.4,103,105,107,107,112,109,115,118,117,117,116,119,122,123,123,140,224,247,265,278,285,289,292,296,303,308,310,315,321,329,341,340,349,354,361,365,284,262,253,243,240,232,240,250,249,261,274,276,264,273,276,271,283,285,306,290,276,281,286,290,302,309,317,331,340,346,402,405,415,423,427,391,398,402,402,403,332,332,338,337
AUT,Total including LULUCF,,0.828,0.835,1.34,1.77,1.72,2.27,2.83,3.51,6,4.55,4.85,5.09,5.06,4.56,3.73,4.02,2.17,3.56,4.78,5.22,6.15,8.98,8.83,9.57,7.9,6.52,6.76,5.9,5.85,7.55,23.1,9.06,9.35,10.6,10.2,10.9,10.2,11.1,10.8,11.7,11.9,13.9,13.4,16.8,17.2,19.6,20.5,22.3,23.8,24.2,27.2,27.9,25.1,25.2,26.7,28.2,34,42.9,60.9,43.9,59.6,49.6,52.3,61.9,50.2,35.3,7.97,2.12,2.01,1.68,13.7,18.7,17.9,17.1,19.5,18.4,18,19.6,20.8,24,18.4,17.6,14.6,13.6,13.1,13.3,12.9,14.7,4.89,5.49,6.55,7.22,7.78,8.91,8.53,3.52,12.1,17.2,24.4,26.7,20.8,23.4,22.2,22,25.1,30.1,29.4,30.6,29.7,29.7,32.9,34.1,36.3,39.7,42,41.4,42.7,43.6,46.1,48.7,54.8,56.2,60.8,64.8,62.1,58.4,62.8,60.4,61.6,66.1,56.1,59.6,56.9,55.3,58.2,58.1,57.3,61.1,56.9,59.1,59.9,54.3,48.7,49.1,49.4,52.5,56.1,56,55.7,54.2,54.6,63.4,65.1,71.2,71.6,72.8,72.9,70.2,70,63.7,68.6,65.8,63.1,63.9,63
AZE,Total including LULUCF,,2.5,2.5,2.51,2.52,2.53,2.54,2.55,2.56,2.58,2.59,2.6,2.61,2.34,2.35,2.35,2.35,2.35,2.34,2.34,2.34,2.33,2.33,2.34,2.35,2.36,2.37,2.4,2.42,2.43,2.44,2.45,2.47,2.48,2.49,2.54,2.58,2.59,2.64,2.66,2.66,2.72,2.79,2.8,2.87,2.84,2.99,2.99,3.07,3.15,3.2,3.33,3.44,3.39,3.3,3.34,3.12,3.21,3.25,3.25,3.3,3.33,3.28,3.3,3.43,3.51,3.63,3.74,3.67,3.23,3.34,3.33,3.36,3.49,3.58,3.65,3.72,3.88,4.05,4.06,4.26,5.09,5.48,5.38,5.43,5.65,5.73,5.9,5.95,6.06,6.01,6.01,5.51,5.14,4.6,5.35,3.52,3.68,4.05,4.26,4.66,5.05,8.95,10.2,11.4,12.6,14.3,16.2,18,20,18.9,20.2,21.3,23.1,24.8,26.3,27.8,29,30.7,32,33.5,34.2,36.7,38.8,41,43.4,45.8,47.3,49,52,51.9,53.1,54.2,54.8,55.6,55.4,56.8,56.3,58.6,60.2,59.7,58.7,53.6,51.9,46.8,43.9,41.1,38.5,35.9,33.3,30.7,28.2,30.2,32.1,32.4,33.4,35.2,32,22.7,28.4,22.9,22.6,20.3,22.1,22.1,24.9
BDI,Total including LULUCF,,0.0437,0.0476,0.0495,0.0487,0.0498,0.0472,0.0478,0.0473,0.0431,0.0393,0.0356,0.0319,0.0338,0.0384,0.0455,0.0553,0.0589,0.0625,0.063,0.0594,0.0559,0.0525,0.049,0.0529,0.0592,0.0623,0.0655,0.066,0.0666,0.0671,0.064,0.0611,0.0583,0.0551,0.0593,0.0634,0.0676,0.0689,0.0665,0.0634,0.064,0.0598,0.0555,0.0487,0.0431,0.0459,0.0455,0.0509,0.0563,0.0578,0.0558,0.0538,0.0629,0.0838,0.112,0.148,0.192,0.238,0.285,0.329,0.368,0.407,0.449,0.487,0.524,0.561,0.597,0.64,0.679,0.718,0.758,0.79,0.822,0.852,0.877,0.901,0.924,0.946,0.976,1.01,1.03,1.06,1.09,1.12,1.15,1.2,1.23,1.26,1.3,1.33,1.37,1.4,1.44,1.48,1.52,1.56,1.6,1.64,1.7,1.8,1.86,1.92,1.89,1.93,1.96,2.02,2.08,2.14,2.18,2.29,2.34,2.4,2.39,2.48,2.51,2.54,2.54,2.56,2.5,2.65,2.53,2.59,2.65,2.72,2.8,2.62,2.87,2.61,2.73,2.76,2.7,3.08,3.34,3.62,3.8,3.68,3.63,3.65,3.8,3.76,3.82,3.77,4.06,4.26,4.58,4.89,4.86,4.62,4.97,4.88,4.83,4.76,4.72,4.11,4.16,4.34,-1.23,-1.35,-0.756,-1.05,-1.09,2.47,2.58,2.71,2.49
BEL,Total including LULUCF,,11.4,12.3,13.6,14,15.3,15.7,15.5,16.1,16.8,17.3,17.6,19,18.8,19.8,20.7,21.7,23.3,25.1,22.9,24.5,27.8,26.6,28.5,31.2,28.8,29.9,29.2,27.8,30.1,30.7,33.5,33.7,35.6,37.7,37.1,36.3,35.2,37.2,39.5,40.3,43.4,41.3,41.3,39.5,43.5,43.8,46.1,47.6,49,51.2,53.9,50.8,53,57,54.6,54.6,62.2,63,62.6,62.5,66.2,66.6,69.9,73.3,44.5,38.1,50.1,40.1,37.4,49.2,60,55.2,60.8,77.7,82.3,84.3,83.9,97.4,96,105,102,91.6,74.3,79.5,81.9,78.5,82.2,98.4,86.7,80.9,68.1,71.5,67.1,63.7,37.9,43.8,62.7,89.8,93.2,88.7,84.1,98.4,92.3,91.6,95.4,103,108,108,99.1,100,103,106,111,120,118,121,121,124,135,141,145,137,148,156,153,137,146,141,149,156,150,137,129,112,117,115,113,113,111,118,120,119,117,116,120,121,125,119,126,120,122,122,123,125,125,121,120,116,117,105,111,102,98.6,98.1,92.3
BEN,Total including LULUCF,,-0.166,-0.158,-0.154,-0.155,-0.153,-0.158,-0.157,-0.158,-0.167,-0.174,-0.182,-0.189,-0.185,-0.176,-0.161,-0.141,-0.134,-0.127,-0.126,-0.133,-0.14,-0.147,-0.154,-0.146,-0.133,-0.126,-0.12,-0.119,-0.117,-0.116,-0.122,-0.128,-0.134,-0.14,-0.131,-0.123,-0.114,-0.111,-0.116,-0.122,-0.12,-0.129,-0.137,-0.151,-0.162,-0.156,-0.157,-0.146,-0.134,-0.131,-0.135,-0.139,-0.12,-0.077,-0.0195,0.0549,0.145,0.238,0.332,0.422,0.502,0.582,0.666,0.744,0.819,0.893,0.967,1.06,1.13,1.21,1.29,1.36,1.42,1.49,1.54,1.59,1.63,1.68,1.74,1.8,1.85,1.91,1.97,2.04,2.1,2.2,2.26,2.33,2.39,2.47,2.55,2.62,2.69,2.77,2.85,2.93,3.02,3.1,3.23,3.38,3.54,3.65,3.54,3.65,3.77,3.89,4.01,4.13,4.26,4.34,4.49,4.54,4.57,4.74,4.82,4.92,4.85,4.92,4.79,5.08,4.93,5.06,5.28,5.41,5.57,5.26,5.57,5.04,5.33,5.38,5.34,6,6.58,7,7.4,7.36,7.17,7.02,7.36,7.24,7.47,7.38,8.1,8.7,9.47,10.2,10.1,9.57,10.3,10.5,10.4,10.6,10.8,9.97,10.1,10.5,14.5,15.1,15,15.3,15.7,15.9,16.1,16.4,16.8
BFA,Total including LULUCF,,-0.00392,-0.00375,-0.00367,-0.0037,-0.00365,-0.00376,-0.00374,-0.00376,-0.00394,-0.00411,-0.00427,-0.00443,-0.00434,-0.00415,-0.00384,-0.00341,-0.00325,-0.0031,-0.00308,-0.00323,-0.00338,-0.00353,-0.00368,-0.00351,-0.00324,-0.0031,-0.00296,-0.00294,-0.00291,-0.00289,-0.00303,-0.00315,-0.00327,-0.00341,-0.00323,-0.00305,-0.00286,-0.00281,-0.00291,-0.00304,-0.00301,-0.0032,-0.00338,-0.00368,-0.00392,-0.0038,-0.00381,-0.00358,-0.00334,-0.00327,-0.00336,-0.00345,-0.00305,-0.00214,-0.000913,0.000674,0.00259,0.00459,0.0066,0.00851,0.0102,0.0119,0.0137,0.0154,0.017,0.0186,0.0202,0.0221,0.0238,0.0255,0.0272,0.0286,0.0299,0.0313,0.0324,0.0334,0.0344,0.0354,0.0367,0.0379,0.0391,0.0404,0.0416,0.0431,0.0444,0.0465,0.0478,0.0492,0.0506,0.0523,0.0539,0.0553,0.057,0.0587,0.0604,0.062,0.0639,0.0656,0.0684,0.0915,0.104,0.0955,0.097,0.102,0.108,0.113,0.12,0.126,0.0924,0.0988,0.144,0.201,0.193,0.201,0.229,0.222,0.221,0.222,0.219,0.246,0.264,0.275,0.289,0.3,0.34,0.347,0.349,0.377,0.483,0.542,0.563,0.706,0.737,0.766,0.646,0.652,0.656,0.694,0.739,1,0.77,0.812,0.83,0.835,0.871,0.867,0.947,1.05,1.12,1.18,1.29,1.23,1.24,1.29,1.32,1.35,12.4,12.7,13,13,13,11.1,11.5,11.9,12.1
BGD,Total including LULUCF,,2.76,2.72,2.73,2.73,2.74,2.75,2.76,2.77,2.78,2.79,2.8,2.81,2.82,2.83,2.84,2.85,2.86,2.87,2.88,2.89,2.9,4.64,5.06,5.36,5.59,5.77,5.89,5.98,6.07,6.15,6.22,6.26,6.29,6.33,6.36,6.38,6.41,6.44,6.46,6.49,6.52,7.85,8.19,8.43,8.62,8.77,8.87,8.95,9.02,9.09,9.15,9.19,9.24,9.28,9.32,9.36,10,10.2,10.4,10.5,10.6,10.6,10.7,9.05,8.69,8.44,8.8,8.78,8.78,8.77,8.77,8.75,8.73,8.75,8.76,8.78,8.43,8.36,8.32,8.3,8.3,8.31,8.33,8.36,8.39,8.42,9.83,10.2,10.5,10.7,10.9,11.1,11.3,11.5,11.8,12,17.9,19.4,20.5,21.3,22,22.6,23.3,19.9,19.8,19.9,20,20.1,19.8,20,20.3,20.6,19.9,20.2,19.9,21.1,21.5,21.9,17,16.3,15.9,15.4,15.5,18.5,19.9,20.5,23.7,25.6,26.9,28.7,30.2,33.8,35,35.1,36.5,37.5,38.5,38.6,41.2,42.2,44.1,50.9,54.5,55.5,56.8,59.3,61.6,63.3,65.3,66.7,68.2,69.2,83.4,88.4,92.7,88.4,68.5,69.5,73.1,76.4,82.2,94.2,98,99.7,103
BGR,Total including LULUCF,,10.6,10.6,10.6,10.6,10.6,10.6,10.6,10.6,10.6,10.6,10.6,10.6,10.6,10.6,10.6,10.6,10.7,10.7,10.7,10.7,10.7,10,9.9,9.79,9.69,9.58,9.5,9.42,9.35,9.28,9.21,9.23,9.18,9.2,9.23,9.11,9.13,9.23,9.41,9.6,9.45,9.49,9.52,9.56,9.6,9.63,9.68,9.71,9.77,9.79,9.88,9.97,9.97,10,10.1,10.2,10.2,10.4,10.6,10.6,10.7,11,11.1,11,11.4,11.1,11.3,11.6,11.9,11.4,11.7,12,12.2,12.4,12.6,12.7,12.6,12.6,12.8,13.1,12.9,12.7,12.9,12.5,12.4,12.3,12.1,12.2,12.4,12.5,12.9,13,13.7,14,12.5,13.2,12.7,13.5,13.7,14.6,14.7,15.3,16.5,17.6,18.5,19.2,20.2,21.7,23,27.1,29.9,33.2,37.9,41.6,49.9,53.3,55.9,62.3,66.7,73.4,68.4,70.8,72.1,74.3,76,77.5,77.4,79.5,84.1,81.8,80,82.4,91.4,91.3,88.5,90.7,92.5,92.2,91.3,90,82.4,51.1,47.8,48.4,46.1,47.7,48,45.5,42.1,35.7,35.2,36.4,33.2,37.5,36.2,37,42,45.8,43.9,35.5,37.9,43.3,38.5,39.1,42.4
BHR,Total including LULUCF,,0.0237,0.025,0.0263,0.0278,0.0293,0.0309,0.0326,0.0343,0.0362,0.038,0.04,0.042,0.0441,0.0463,0.0486,0.051,0.0535,0.0562,0.0589,0.0617,0.0647,0.0679,0.0712,0.0748,0.0785,0.0824,0.0864,0.0906,0.0949,0.0992,0.104,0.108,0.113,0.118,0.123,0.128,0.133,0.139,0.144,0.15,0.171,0.178,0.186,0.194,0.204,0.214,0.225,0.237,0.249,0.262,0.275,0.289,0.304,0.321,0.338,0.357,0.376,0.396,0.416,0.436,0.455,0.477,0.5,0.525,0.551,0.577,0.601,0.624,0.643,0.658,0.669,0.676,0.681,0.685,0.688,0.691,0.694,0.698,0.703,0.709,0.718,0.777,0.922,0.0128,0.127,0.552,2.02,3.37,3.6,3.3,3.08,2.95,2.71,2.86,2.92,3.18,3.49,4.1,4.75,4.78,1.44,1.23,1.35,1.05,1.1,1.48,1.12,0.812,1.37,1.4,0.638,1.88,1.7,1.29,1.71,1.34,0.746,1.12,1.23,1.42,2.66,3.13,3.95,5.76,5.68,6.02,6.85,7.75,8.06,8.43,8.18,8.83,10.2,8.6,9.59,10.7,11.9,12.2,13,12.5,13.4,12.8,11.9,16,16.1,16.2,16.9,18.8,19.8,19.5,20.1,15.5,17.2,17.9,19,21.2,21,28.8,31.7,29.5,31.4,31.7,31.5,34.4,33.8
BHS,Total including LULUCF,,0.00103,0.00108,0.00114,0.00121,0.00127,0.00134,0.00142,0.00149,0.00157,0.00165,0.00174,0.00182,0.00192,0.00201,0.00211,0.00222,0.00233,0.00244,0.00256,0.00268,0.00281,0.00295,0.00309,0.00325,0.00341,0.00358,0.00375,0.00394,0.00412,0.00431,0.0045,0.0047,0.0049,0.00511,0.00533,0.00555,0.00578,0.00602,0.00627,0.00653,0.0073,0.00759,0.00791,0.00826,0.00864,0.00904,0.00947,0.00992,0.0104,0.0109,0.0114,0.0119,0.0126,0.0132,0.0139,0.0146,0.0154,0.0161,0.0169,0.0176,0.0183,0.019,0.0196,0.0203,0.0209,0.0216,0.0222,0.0229,0.0236,0.0243,0.0251,0.0259,0.0267,0.0275,0.0284,0.0293,0.0303,0.0312,0.0322,0.0333,0.0343,0.0354,0.0365,0.0377,0.0388,0.0401,0.0414,0.0427,0.0441,0.0456,0.0471,0.0487,0.0502,0.0518,0.0535,0.0553,0.0573,0.0595,0.0619,0.0647,0.0628,0.0754,0.088,0.0922,0.0963,0.147,0.159,0.201,0.205,0.297,0.469,0.624,0.829,0.808,1.24,1.5,1.25,1.9,1.81,1.94,2.79,6.95,6.71,8.1,7.62,8.49,6.71,9.96,6.86,7.19,8.25,3.07,2.54,2.3,2.14,1.8,1.71,1.73,1.85,2.26,2.27,2.11,2.12,2.04,2.03,2.03,2.02,1.73,2.05,2.04,2.05,1.95,1.97,1.91,2.12,2.15,6.99,7.02,6.83,6.98,7.81,2.69,2.71,3.9,3.6
BIH,Total including LULUCF,,8.01,8.01,8.01,8.01,8,8,8,7.99,7.99,7.99,7.98,7.99,8,8,8.02,8.03,8.04,8.06,8.07,8.09,8.11,7.54,7.44,7.36,7.27,7.19,7.12,7.06,7,6.95,6.9,6.86,6.81,6.78,6.74,6.71,6.74,6.76,6.79,6.82,6.84,6.86,6.88,6.92,6.98,7,7.03,7.03,7.09,7.13,7.19,7.23,7.25,7.29,7.34,7.39,7.47,7.51,7.56,7.61,7.65,7.71,7.76,8.38,8.4,8.4,8.38,8.36,8.36,8.38,8.64,8.74,9.19,9.36,9.44,9.62,9.54,9.69,9.81,9.99,9.76,9.45,9.18,8.94,8.88,8.82,8.66,8.73,8.51,8.46,8.67,7.93,6.69,5.95,5.8,6.77,7.7,8.38,8.64,8.99,8.56,8.25,8.19,8.03,8.65,9.22,9.89,10.3,10.2,11,11.6,11.7,11.8,12.6,13.7,13.8,13.5,13.3,13.8,14,16.8,17.6,16.4,18,17.8,18.2,18.3,17.3,18.4,19.4,18.6,21.3,19,20.7,22,22.5,23.3,22.9,23.6,23.6,23.9,13.8,-1.79,-5.55,-5.3,-5.61,-3.4,-0.921,2.81,3.09,3.87,12.4,13.2,13.6,14.6,15.2,16.5,16.7,18.8,19.2,19.8,22.3,20.8,20.6,17.9
BLR,Total including LULUCF,,12.4,12.4,12.5,12.5,12.6,12.6,12.7,12.8,12.8,12.9,12.9,13,11.6,11.7,11.7,11.7,11.7,11.6,11.6,11.6,11.6,11.6,11.6,11.7,11.7,11.8,11.9,12,12,12,12.1,12.1,12.1,12.2,12.3,12.3,12.4,12.5,12.5,12.6,12.7,12.8,12.8,13,13,13.2,13.2,13.4,13.6,13.7,14,14.1,14.1,14,14.1,13.7,14,14.1,14.1,14.2,14.2,14.2,14.3,15.1,15.3,15.6,15.9,15.9,15.1,15.3,15.5,15.7,16.1,16.4,16.7,16.9,17.5,18,18.2,18.6,20.1,20.9,21,21.3,21.7,21.9,22.2,22.1,22.2,21.9,22,19,16.7,15.8,15.9,12.8,12.9,13.5,13.7,14.4,15.3,34.3,39.1,43.6,48.3,53.9,59.8,65.7,71.6,62.2,64.8,66.1,68.7,71.5,74.2,76.7,77.8,79.4,80.4,82,79.7,81.4,83.4,85.3,88.6,92,94.6,96.9,101,101,104,104,106,107,107,111,110,115,117,116,113,90.1,82.4,69.4,56.6,49.5,50.4,51.6,49.6,47,44.8,35.6,38.8,36,39.2,39.6,33.7,32.6,34.6,31.1,32.7,55.5,57.5,56.1,57.1
BLZ,Total including LULUCF,,0.0766,0.0759,0.0753,0.0748,0.0743,0.0739,0.0735,0.0731,0.0728,0.0726,0.0716,0.0734,0.0739,0.0742,0.0743,0.0744,0.0735,0.0727,0.0718,0.0711,0.071,0.0709,0.0706,0.0705,0.0704,0.0704,0.0707,0.0717,0.0726,0.0736,0.0745,0.143,0.162,0.177,0.19,0.2,0.207,0.211,0.215,0.218,0.221,0.184,0.177,0.171,0.167,0.164,0.162,0.16,0.159,0.158,0.157,0.288,0.326,0.357,0.382,0.405,0.415,0.423,0.43,0.436,0.44,0.308,0.27,0.239,0.213,0.19,0.181,0.174,0.169,0.164,0.16,0.255,0.282,0.304,0.322,0.338,0.343,0.346,0.349,0.351,0.353,0.379,0.386,0.391,0.396,0.399,0.403,0.408,0.411,0.415,0.418,0.416,0.415,0.414,0.414,0.414,0.421,0.428,0.436,0.45,0.456,0.589,0.628,0.665,0.692,0.716,0.73,0.742,0.763,0.772,0.783,1.02,1.13,1.18,1.25,1.29,1.31,1.37,1.37,1.41,1.41,1.31,1.3,1.27,1.27,1.27,1.28,1.3,1.32,1.32,1.3,1.3,1.75,1.88,1.98,2.08,2.16,2.21,2.25,2.32,2.34,2.39,2.1,2.04,1.97,1.93,1.81,1.86,1.82,1.78,1.83,1.81,1.73,1.73,1.73,1.74,5.74,6.42,6.17,5.7,5.62,2.87,2.6,3.8,2.76
BOL,Total including LULUCF,,-13.2,-13.3,-13.3,-13.4,-13.5,-13.5,-13.6,-13.6,-13.7,-13.7,-13.8,-13.6,-13.5,-13.5,-13.5,-13.5,-13.6,-13.7,-13.8,-13.9,-13.9,-13.9,-14,-14,-14,-14,-14,-13.9,-13.8,-13.6,-13.5,-5.19,-2.87,-1,0.55,1.87,2.64,3.19,3.64,4.02,4.34,-0.148,-1.05,-1.75,-2.28,-2.7,-2.98,-3.19,-3.36,-3.49,-3.58,12.5,17.1,20.8,24,26.7,27.9,28.9,29.7,30.4,31,14.7,10.1,6.26,3.01,0.16,-0.91,-1.77,-2.48,-3.07,-3.64,8.03,11.3,13.9,16.2,18.1,18.6,19.1,19.4,19.6,19.9,22.9,23.8,24.5,25,25.4,25.8,26.3,26.8,27.2,27.6,27.2,27.1,27,26.9,26.9,27.7,28.5,29.4,30.4,31.6,46.9,51.9,55.9,59.5,62.6,64.5,65.9,67,68.1,69.1,99.2,108,116,122,127,130,132,134,136,138,123,121,118,117,116,116,117,118,118,118,119,176,191,203,213,220,224,227,229,231,232,197,188,181,175,170,167,164,160,158,157,153,151,149,148,98.8,96.8,97.5,98.1,99,96.3,98.3,98.9,99.6
BRA,Total including LULUCF,,61.3,60.8,60.3,59.9,59.5,59.1,58.8,58.6,58.3,58.1,57.3,58.8,59.2,59.4,59.5,59.6,58.9,58.2,57.5,56.9,56.8,56.8,56.5,56.4,56.3,56.3,56.5,57.3,58.1,58.8,59.6,114,129,142,152,160,165,169,172,175,177,148,142,137,134,131,129,128,127,126,126,231,262,286,307,324,333,340,345,350,354,248,219,194,171,152,144,138,134,130,127,203,225,243,258,271,275,278,280,282,283,302,308,313,316,320,322,327,330,332,335,333,332,332,332,333,339,346,351,357,374,477,513,540,567,591,605,615,627,635,649,849,913,963,1000,1040,1060,1080,1110,1130,1140,1050,1050,1050,1040,1040,1040,1050,1070,1080,1080,1070,1440,1540,1620,1700,1770,1800,1820,1840,1850,1860,1630,1580,1540,1520,1500,1500,1490,1480,1490,1480,1450,1440,1440,1440,888,904,929,910,961,754,781,811,833
BRB,Total including LULUCF,,0.000204,0.000215,0.000227,0.000239,0.000252,0.000266,0.000281,0.000296,0.000312,0.000328,0.000344,0.000362,0.00038,0.000399,0.000419,0.00044,0.000461,0.000484,0.000507,0.000532,0.000558,0.000585,0.000614,0.000644,0.000676,0.00071,0.000745,0.00078,0.000817,0.000855,0.000893,0.000932,0.000973,0.00101,0.00106,0.0011,0.00115,0.00119,0.00124,0.00129,0.00145,0.00151,0.00157,0.00164,0.00171,0.00179,0.00188,0.00197,0.00206,0.00216,0.00226,0.00237,0.00249,0.00262,0.00276,0.0029,0.00305,0.0032,0.00335,0.00349,0.00363,0.00376,0.00389,0.00402,0.00415,0.00428,0.00441,0.00454,0.00468,0.00482,0.00497,0.00513,0.00529,0.00546,0.00563,0.00581,0.006,0.00502,0.00391,0.00391,0.00781,0.00391,0.00391,0.00391,0.00391,0,0,0,0,0.00391,0,0,0,0,0,0,0,0.00391,0.00391,0.00391,0.0781,0.117,0.0938,0.117,0.121,0.137,0.137,0.148,0.164,0.164,0.184,0.211,0.281,0.203,0.195,0.219,0.285,0.363,0.473,0.516,0.458,0.513,0.528,0.506,0.517,0.594,0.554,0.612,0.657,0.624,0.701,0.712,0.675,0.716,0.771,0.873,0.943,0.973,0.973,1.02,1.1,1.23,1.01,1.14,0.779,0.857,0.879,0.926,1.17,1.24,1.22,1.25,1.26,1.3,1.32,1.38,1.46,1.46,1.71,1.71,1.57,1.56,1.51,1.48,1.55
BRN,Total including LULUCF,,0.0656,0.0651,0.0652,0.0652,0.0653,0.0654,0.0655,0.0656,0.0657,0.0658,0.0659,0.066,0.0662,0.0663,0.0664,0.0665,0.0666,0.0666,0.0667,0.0668,0.0669,0.0916,0.0975,0.102,0.105,0.107,0.109,0.11,0.112,0.113,0.113,0.114,0.114,0.115,0.115,0.115,0.116,0.116,0.116,0.116,0.117,0.135,0.14,0.143,0.146,0.148,0.149,0.15,0.151,0.152,0.152,0.153,0.153,0.154,0.154,0.154,0.163,0.166,0.168,0.169,0.17,0.171,0.171,0.148,0.143,0.139,0.144,0.144,0.144,0.143,0.143,0.143,0.142,0.142,0.143,0.143,0.138,0.136,0.136,0.135,0.135,0.135,0.135,0.139,0.18,0.161,0.233,0.367,0.382,2.82,3.17,2.16,1.43,2.07,2.7,1.11,1.22,5.7,0.389,11.9,0.743,0.636,0.667,0.64,0.647,0.592,0.591,0.584,0.608,0.617,0.623,0.597,0.648,0.64,0.62,0.622,0.784,0.735,0.659,0.709,8.42,7.73,9.67,10.2,8.45,7.34,6.32,6.72,9.88,7.8,7.25,2.48,3.09,3.17,2.35,3.04,2.73,3.76,6.16,6.8,6.66,5.87,5.79,5.57,5.29,5.38,5.46,5.64,5.85,4.47,5.26,5.03,5.08,5.34,5.78,5.7,6.73,10.3,11,9.96,10.2,10.1,10.1,8.18,9.34
BTN,Total including LULUCF,,0.971,0.967,0.968,0.968,0.969,0.97,0.97,0.971,0.972,0.973,0.974,0.975,0.976,0.977,0.978,0.978,0.979,0.98,0.98,0.981,0.982,1.18,1.23,1.26,1.29,1.31,1.32,1.33,1.34,1.35,1.36,1.36,1.36,1.37,1.37,1.37,1.37,1.37,1.38,1.38,1.38,1.53,1.57,1.6,1.62,1.63,1.64,1.65,1.66,1.66,1.67,1.67,1.68,1.68,1.68,1.68,1.76,1.78,1.79,1.8,1.81,1.82,1.82,1.63,1.59,1.56,1.6,1.6,1.6,1.6,1.59,1.59,1.59,1.59,1.59,1.59,1.55,1.54,1.54,1.53,1.53,1.53,1.53,1.53,1.53,1.53,1.69,1.73,1.76,1.78,1.8,1.82,1.85,1.87,1.89,1.91,2.59,2.76,2.89,2.98,3.05,3.11,3.18,2.79,2.76,2.76,2.75,2.76,2.71,2.72,2.74,2.77,2.68,2.7,2.66,2.71,2.75,2.81,2.25,2.18,2.13,2.08,2.07,2.31,2.48,2.52,2.8,3,3.14,3.29,3.36,3.76,3.83,3.87,3.94,3.97,3.94,3.99,4.07,4.09,4.21,5.04,5.25,5.36,5.35,5.42,5.44,5.48,5.44,5.31,5.21,5.03,6.48,6.79,6.98,6.35,-2.44,-2.43,-2.4,-2.43,-2.32,-2.96,-2.87,-2.8,-2.96
BWA,Total including LULUCF,,0.0111,0.012,0.0124,0.0123,0.0125,0.0121,0.0122,0.0122,0.0113,0.0106,0.0099,0.00918,0.00964,0.0107,0.0122,0.0143,0.0151,0.016,0.0161,0.0155,0.0148,0.0142,0.0136,0.0145,0.0159,0.0167,0.0175,0.0177,0.0179,0.0182,0.0176,0.0172,0.0167,0.0162,0.0172,0.0182,0.0192,0.0197,0.0193,0.0189,0.0194,0.0187,0.018,0.0168,0.0158,0.0166,0.0168,0.0182,0.0195,0.0201,0.02,0.0198,0.0221,0.0268,0.0331,0.0411,0.0506,0.0606,0.0705,0.08,0.0884,0.0968,0.106,0.114,0.122,0.129,0.137,0.146,0.154,0.163,0.171,0.178,0.185,0.191,0.197,0.202,0.207,0.212,0.218,0.225,0.23,0.237,0.243,0.251,0.258,0.269,0.276,0.284,0.291,0.3,0.309,0.317,0.326,0.335,0.344,0.353,0.363,0.372,0.387,0.402,0.417,0.433,0.424,0.437,0.45,0.465,0.479,0.493,0.505,0.518,0.529,0.538,0.543,0.562,0.57,0.582,0.577,0.58,0.568,0.589,0.667,0.679,0.559,0.602,0.653,0.717,1.17,1.3,1.38,1.49,1.52,1.62,1.76,1.74,1.79,1.87,1.77,1.94,2.04,2.15,3.43,3.35,3.56,4.01,3.92,4,3.7,3.7,4.32,4.12,4.73,4.8,4.92,4.65,4.72,4.97,31.1,46.7,30.4,20,20.2,32.1,28.1,50.4,24.1
CAF,Total including LULUCF,,-0.374,-0.372,-0.371,-0.371,-0.371,-0.372,-0.371,-0.372,-0.374,-0.376,-0.377,-0.379,-0.378,-0.376,-0.372,-0.367,-0.365,-0.363,-0.363,-0.364,-0.366,-0.368,-0.369,-0.367,-0.364,-0.362,-0.36,-0.36,-0.359,-0.359,-0.36,-0.362,-0.363,-0.364,-0.362,-0.36,-0.357,-0.356,-0.357,-0.359,-0.358,-0.36,-0.362,-0.365,-0.368,-0.366,-0.366,-0.363,-0.36,-0.358,-0.359,-0.36,-0.355,-0.343,-0.328,-0.309,-0.285,-0.261,-0.237,-0.213,-0.193,-0.172,-0.15,-0.13,-0.111,-0.0918,-0.0728,-0.05,-0.0297,-0.00939,0.0113,0.0286,0.0449,0.0609,0.074,0.0868,0.099,0.111,0.127,0.142,0.156,0.172,0.187,0.206,0.223,0.249,0.265,0.283,0.301,0.322,0.343,0.361,0.382,0.403,0.425,0.446,0.47,0.492,0.527,0.564,0.597,0.652,0.637,0.655,0.687,0.713,0.768,0.805,0.845,0.903,0.91,0.93,0.915,0.96,0.976,1.02,1.01,1.03,1.14,1.21,1.14,1.15,1.17,1.2,1.19,1.09,1.24,1.1,1.18,1.15,1.1,1.33,1.47,1.59,1.69,1.63,1.6,1.7,1.76,1.73,1.72,1.68,1.86,1.96,2.14,2.31,2.29,2.19,2.39,2.36,2.34,2.33,2.3,2.01,2.01,2.13,13.6,13.6,13.6,13.6,13.7,13.7,13.7,13.7,13.7
CAN,Total including LULUCF,,20.4,19.7,19.7,19.6,19.5,19.5,19.4,19.3,19.3,19.3,19.3,19.2,25.4,27.5,29.6,31.6,33.7,35.9,37.1,38.6,40.9,43.2,45,46.5,48.2,50.2,51.8,50.7,50.3,50.3,52.9,52.9,53.6,54,54.8,54.1,54.2,55.2,57.8,55.5,56.2,57.2,56.9,57.5,56.7,55.8,56.6,56.5,57,59.8,60.9,63.5,112,124,139,151,162,179,188,195,209,225,240,259,257,259,280,290,296,287,296,295,287,311,299,300,310,281,277,276,266,244,233,227,231,224,226,227,215,218,225,231,241,248,250,242,250,255,269,257,265,272,273,276,276,285,306,301,300,301,308,310,324,328,353,367,375,395,415,420,449,458,480,483,487,490,492,501,509,534,534,522,493,486,503,498,479,502,522,527,545,535,546,543,555,565,579,592,599,614,635,629,635,651,650,644,736,749,738,671,733,610,622,656,643
CHE,Total including LULUCF,,2.44,2.44,2.45,2.45,2.45,2.46,2.46,2.47,2.54,2.6,2.72,2.86,2.92,2.92,3.05,3.2,3.2,3.18,3.3,3.28,3.47,3.53,3.69,3.62,3.51,3.62,3.84,3.73,3.65,3.73,3.98,3.84,4.01,4.23,4.27,4.36,4.41,4.62,4.68,4.97,5.37,6.13,6.08,5.39,6.22,6.54,6.97,7.25,7.62,8.07,8.72,8.15,8.22,8.74,9.09,9.43,10.2,11.5,11.5,11.6,11.3,12.3,12.5,13.1,12.1,12.7,12.2,9.44,9.03,7.7,10.8,7.57,9.57,11.4,10.9,11.2,11.1,12.5,12.8,14.3,13.5,14.1,14.2,13.4,13.4,13.2,13.7,14.3,14.2,15.9,11.6,9.56,8.61,8.95,6.88,3.51,8.3,12.6,13.4,11.4,13.3,15.7,14.4,13.3,15.9,17.1,21.1,21.8,20.2,20.6,23.9,24.8,29.2,35.1,33.9,36.5,37.9,39.1,43.2,45.6,48,49.8,50.8,54.5,48.9,46.2,47.8,48.4,49.6,46.8,47.4,45.4,42.7,46.6,45.6,46.3,49,46.7,47.1,45.7,44.5,44.5,44.4,41.8,41.1,41.8,42.5,41.6,42.9,43,42.1,43.4,42.3,43.5,44.1,44.8,42.6,40.6,42.1,40.9,42.6,40.3,41.7,41.3,36.8
CHL,Total including LULUCF,,-0.764,-0.777,-0.789,-0.799,-0.808,-0.815,-0.822,-0.827,-0.831,-0.835,-0.854,-0.813,-0.798,-0.79,-0.784,-0.779,-0.796,-0.812,-0.827,-0.841,-0.837,-0.836,-0.839,-0.838,-0.835,-0.831,-0.821,-0.794,-0.768,-0.742,-0.718,0.769,1.19,1.53,1.81,2.05,2.19,2.3,2.39,2.46,2.51,1.73,1.57,1.46,1.37,1.6,1.56,1.63,1.7,1.57,1.77,5.35,6.56,7.42,7.78,8.37,8.96,8.87,9.3,9.32,9.88,7.3,6.84,6.06,4.97,4.7,5.17,5.35,5.17,4.99,3.78,6.41,6.4,7.17,8.55,8.66,8.87,8.92,8.74,9.15,9.04,8.65,8.77,10.1,10.9,11.3,11.3,11.6,12,11.5,11.9,12.1,12.4,12.7,12.7,12.2,12.1,12.6,13.3,13.1,15.9,20.2,21.6,22.2,23.5,24.6,25.1,25.2,25.9,26.1,26.9,32.7,36.2,38.1,39.7,40.9,42.6,43.4,45.5,46.7,50,48.9,48.9,47.7,46.2,42.8,43.3,43.4,43.3,45.2,46,46,52.5,55.6,59,60.2,62.5,63.7,68.6,74.8,75.8,74,69.9,69.8,71.6,73.4,75.1,77.2,79.3,81.5,84.2,84.8,84.9,85.5,86.2,87.1,54.4,56.7,59,61.1,63.3,-27.3,-25.7,-23.7,-25.1
CHN,Total including LULUCF,,368,336,303,268,233,196,191,186,182,179,177,175,173,169,168,166,165,164,163,162,162,161,160,160,152,150,149,147,147,147,147,147,146,145,144,144,143,143,142,142,142,142,142,142,198,204,210,217,222,228,233,238,299,365,432,500,585,601,621,629,636,654,636,638,657,660,664,684,703,725,746,763,774,789,800,806,811,818,822,830,840,850,851,858,846,855,863,858,853,865,886,908,959,987,1030,1030,1060,1070,1070,1110,1130,1150,1250,1330,1430,1540,1650,1700,1970,2110,2100,1790,1580,1530,1530,1570,1620,1520,1560,1670,1870,1970,2040,2090,2120,2290,2390,2520,2610,2510,2340,2170,2140,2160,2290,2390,2480,2600,2750,2810,2840,2930,2990,3160,3380,3650,3700,3710,3510,3490,3510,3310,3540,4400,5180,5690,6290,6690,7100,7580,8740,9780,10100,10300,10400
CIV,Total including LULUCF,,1.19,1.28,1.33,1.31,1.33,1.27,1.29,1.27,1.17,1.09,0.998,0.91,0.955,1.06,1.23,1.46,1.55,1.64,1.65,1.56,1.48,1.4,1.32,1.41,1.56,1.63,1.71,1.72,1.73,1.75,1.67,1.61,1.54,1.46,1.56,1.66,1.76,1.79,1.73,1.66,1.68,1.58,1.47,1.31,1.18,1.25,1.24,1.37,1.49,1.53,1.48,1.44,1.65,2.15,2.82,3.68,4.73,5.82,6.91,7.95,8.89,9.82,10.8,11.7,12.6,13.5,14.3,15.3,16.3,17.2,18.1,18.9,19.6,20.4,20.9,21.5,22.1,22.6,23.3,24,24.6,25.3,26,26.8,27.5,28.7,29.3,30.1,30.9,31.8,32.7,33.5,34.4,35.3,36.2,37.1,38.1,39.1,40.6,42.2,43.9,45.4,44.1,45.3,46.6,47.9,49.3,50.7,51.9,53.1,54.1,55.1,55.5,57.6,58.5,60,59.7,60.4,59,62.2,59.8,61.4,63.2,65,66.9,63.3,69,62.5,65.9,67,65.6,72.6,80.3,84.4,89,87.5,84.7,86.4,91.7,88.8,87.7,85.3,91.7,97.2,104,114,114,109,116,113,113,114,113,97.2,99.5,105,12.7,12.6,12.6,11.5,12.1,12.2,14.2,15,14.4
CMR,Total including LULUCF,,-0.157,-0.139,-0.13,-0.133,-0.128,-0.139,-0.136,-0.138,-0.157,-0.173,-0.19,-0.206,-0.197,-0.175,-0.142,-0.0961,-0.0789,-0.0616,-0.0586,-0.074,-0.0894,-0.104,-0.119,-0.1,-0.0703,-0.0547,-0.0391,-0.0353,-0.0316,-0.0278,-0.0409,-0.0526,-0.0643,-0.0777,-0.0571,-0.0365,-0.0158,-0.00822,-0.0175,-0.03,-0.0232,-0.041,-0.0586,-0.0878,-0.112,-0.0964,-0.0957,-0.0686,-0.0415,-0.0319,-0.0381,-0.0445,0.000827,0.101,0.234,0.405,0.611,0.826,1.04,1.25,1.43,1.61,1.8,1.98,2.15,2.32,2.49,2.69,2.87,3.05,3.24,3.39,3.53,3.67,3.79,3.9,4.01,4.12,4.26,4.39,4.52,4.66,4.79,4.95,5.1,5.34,5.47,5.63,5.79,5.98,6.16,6.32,6.5,6.69,6.88,7.07,7.28,7.48,7.79,8.08,8.34,8.73,8.66,8.75,9.04,9.3,9.56,9.87,10.1,10.3,10.6,10.7,10.8,11.3,11.5,11.6,11.6,11.9,11.7,12.4,11.9,12.3,12.7,13,13.4,12.8,13.9,13.1,14.1,14,15.7,18.9,21.1,26.9,27.2,26.3,24,22.8,19.5,27,21.8,20.8,24.9,26.2,25.5,27.6,27.9,25.4,27.1,26.6,26.7,26.8,26.3,24.2,24.3,25.1,117,119,119,121,120,119,119,123,122
COD,Total including LULUCF,,-0.916,-0.835,-0.794,-0.81,-0.787,-0.84,-0.828,-0.839,-0.927,-1,-1.08,-1.16,-1.12,-1.02,-0.873,-0.667,-0.591,-0.515,-0.504,-0.578,-0.651,-0.723,-0.794,-0.711,-0.579,-0.512,-0.445,-0.433,-0.42,-0.408,-0.473,-0.531,-0.589,-0.656,-0.567,-0.479,-0.39,-0.361,-0.41,-0.473,-0.457,-0.545,-0.633,-0.773,-0.89,-0.829,-0.835,-0.72,-0.606,-0.572,-0.611,-0.651,-0.457,-0.0157,0.577,1.34,2.27,3.24,4.21,5.13,5.96,6.79,7.65,8.46,9.24,10,10.8,11.7,12.5,13.3,14,14.7,15.4,16.2,16.7,17.2,17.7,18.2,18.9,19.5,20.1,20.6,21,21.7,22.3,23.4,24,24.7,25.4,26.2,26.9,27.6,28.5,29.4,30.1,30.9,32,32.8,34.2,35.6,38.1,39.8,38.9,40.2,41.8,43.6,44.5,45.9,46.4,47.2,47.8,48.7,48.8,50.8,51.1,52.6,52.2,52.4,52.1,54.8,51.5,52.9,54.3,55.9,57.4,53.7,59,53.2,55.6,56.3,54,62.1,66.7,72.4,75.9,72.6,71.1,71.5,75,73.4,74.6,71.4,77.9,81.4,87.1,94.3,93.8,88.7,96.2,93.9,92.3,92.6,91.6,80.1,80.4,85.4,150,149,149,148,149,149,149,150,149
COG,Total including LULUCF,,0.433,0.474,0.494,0.486,0.497,0.47,0.477,0.471,0.427,0.388,0.349,0.31,0.33,0.378,0.453,0.555,0.593,0.63,0.636,0.599,0.562,0.526,0.49,0.531,0.596,0.63,0.663,0.668,0.674,0.68,0.647,0.618,0.588,0.555,0.598,0.642,0.686,0.7,0.675,0.643,0.649,0.605,0.561,0.49,0.431,0.461,0.457,0.514,0.57,0.586,0.566,0.545,0.64,0.859,1.15,1.53,2,2.48,2.96,3.42,3.83,4.24,4.67,5.08,5.46,5.84,6.23,6.68,7.09,7.49,7.91,8.25,8.57,8.89,9.15,9.4,9.65,9.88,10.2,10.5,10.8,11.1,11.4,11.7,12.1,12.6,12.9,13.2,13.5,13.9,14.3,14.7,15.1,15.5,15.9,16.3,16.7,17.2,17.8,18.5,19.2,20,19.4,19.9,20.5,21,21.7,22.3,22.8,23.3,23.8,24.2,24.4,25.3,25.6,26.1,26,26.2,25.6,26.9,25.8,26.5,27.1,28.4,29.4,27.1,29.8,26.1,27.2,27.4,26.5,30.4,33.9,36.1,37.9,36.5,35.7,35.9,37.8,36.8,37.2,36.3,39.9,41.7,45.6,48.4,48.2,46.5,48.7,47.8,47.5,47.4,46.6,41.2,41.3,43.7,11.8,11,11.6,11,11.7,14,17.6,19.3,13.9
COK,Total including LULUCF,,0.000157,0.000165,0.000174,0.000184,0.000194,0.000205,0.000216,0.000227,0.00024,0.000252,0.000265,0.000278,0.000292,0.000307,0.000322,0.000338,0.000355,0.000372,0.00039,0.000409,0.000429,0.000449,0.000472,0.000495,0.00052,0.000546,0.000572,0.0006,0.000628,0.000657,0.000687,0.000717,0.000748,0.00078,0.000812,0.000846,0.000881,0.000918,0.000956,0.000995,0.00109,0.00113,0.00117,0.00122,0.00127,0.00132,0.00138,0.00144,0.0015,0.00156,0.00162,0.0017,0.00178,0.00187,0.00196,0.00206,0.00215,0.00224,0.00232,0.0024,0.00246,0.00251,0.00257,0.00262,0.00268,0.00272,0.00277,0.0028,0.00283,0.00285,0.00286,0.00285,0.00284,0.00282,0.00279,0.00277,0.00274,0.00272,0.0027,0.00269,0.00268,0.0027,0.00274,0.0028,0.00288,0.00298,0.00309,0.00321,0.00333,0.00346,0.00358,0.0037,0.00383,0.00398,0.00413,0.0043,0.00447,0.00466,0.00485,0.00505,0.00526,0.00549,0.00574,0.00601,0.0063,0.0066,0.00691,0.00723,0.00755,0.00787,0.00819,0.00853,0.00887,0.00924,0.00961,0.00998,0.0104,0.0107,0.0111,0.011,0.011,0.011,0.011,0.011,0.011,0.0147,0.0147,0.0293,0.0293,0.0257,0.0293,0.066,0.0513,0.0513,0.022,0.022,0.022,0.022,0.022,0.022,0.022,-0.0275,-0.0275,-0.0275,-0.0275,-0.0275,-0.0275,-0.0275,-0.0275,-0.0202,-0.0202,0.0233,0.0196,0.0233,0.0453,0.0526,0.0182,0.0182,0.0219,0.0219,0.0219,0.0697,0.0697,0.0697,0.0837
COL,Total including LULUCF,,4.74,4.63,4.53,4.44,4.36,4.29,4.23,4.17,4.12,4.08,3.92,4.2,4.28,4.32,4.34,4.36,4.21,4.07,3.93,3.8,3.8,3.77,3.72,3.7,3.68,3.67,3.71,3.86,4.01,4.15,4.29,15.1,18.2,20.6,22.6,24.3,25.3,26,26.6,27.1,27.6,21.7,20.5,19.6,18.9,18.4,18,17.8,17.5,17.4,17.3,38.2,44.1,49,53.1,56.6,58.2,59.5,60.6,61.5,62.2,41.1,35.1,30.1,25.9,22.2,20.8,19.7,18.8,18,17.3,32.4,36.8,40.3,43.2,45.9,46.9,47.4,48.3,48.5,48.3,52.1,53,54.2,55,57,57.9,58.5,59.3,61.2,61.3,60.4,60.6,60.1,60.9,60.6,62.1,63.2,63.9,65.6,68.9,89.4,96.2,103,107,113,115,118,120,123,125,165,178,189,197,205,209,213,217,221,223,206,203,201,201,200,202,203,206,208,209,210,286,308,324,337,347,353,358,361,366,369,326,316,309,301,294,290,287,284,282,280,274,271,268,272,235,235,242,246,250,106,109,120,123
COM,Total including LULUCF,,0.0000781,0.0000822,0.0000867,0.0000914,0.0000964,0.000102,0.000107,0.000113,0.000119,0.000125,0.000132,0.000138,0.000145,0.000152,0.00016,0.000168,0.000176,0.000185,0.000194,0.000203,0.000213,0.000223,0.000234,0.000246,0.000258,0.000271,0.000285,0.000298,0.000312,0.000327,0.000341,0.000356,0.000372,0.000387,0.000404,0.000421,0.000438,0.000456,0.000475,0.000495,0.00054,0.00056,0.000581,0.000604,0.000628,0.000654,0.000681,0.000709,0.000738,0.000769,0.0008,0.000834,0.000874,0.000917,0.000963,0.00101,0.00105,0.0011,0.00114,0.00117,0.0012,0.00123,0.00125,0.00126,0.00128,0.0013,0.00131,0.00133,0.00134,0.00136,0.00138,0.0014,0.00142,0.00144,0.00146,0.00149,0.00151,0.00154,0.00157,0.0016,0.00164,0.00169,0.00175,0.00182,0.00191,0.00201,0.00211,0.00221,0.00232,0.00243,0.00254,0.00265,0.00276,0.00287,0.00299,0.00311,0.00324,0.00338,0.00353,0.00368,0.00385,0.00405,0.0043,0.00458,0.00488,0.00519,0.0055,0.00579,0.00606,0.0119,0.0119,0.0119,0.0119,0.0119,0.0119,0.0158,0.0198,0.0198,0.0198,0.0198,0.031,0.031,0.0311,0.0312,0.0312,0.035,0.0424,0.0424,0.0315,0.0243,0.05,0.0501,0.0502,0.0503,0.0504,0.0504,0.0468,0.0505,0.0543,0.0544,0.0655,0.0655,0.0656,0.0657,0.0658,0.0696,0.0697,0.0698,0.0736,0.081,0.0885,0.0886,0.0924,0.0998,0.104,0.107,0.192,0.192,0.196,0.196,0.207,0.222,0.218,0.233,0.239
CPV,Total including LULUCF,,0.00198,0.00209,0.0022,0.00232,0.00245,0.00258,0.00272,0.00287,0.00302,0.00318,0.00334,0.00351,0.00369,0.00387,0.00406,0.00427,0.00448,0.0047,0.00492,0.00516,0.00541,0.00567,0.00595,0.00625,0.00656,0.00689,0.00722,0.00757,0.00793,0.0083,0.00867,0.00905,0.00944,0.00984,0.0103,0.0107,0.0111,0.0116,0.0121,0.0126,0.0137,0.0142,0.0148,0.0153,0.016,0.0166,0.0173,0.018,0.0188,0.0195,0.0203,0.0212,0.0222,0.0233,0.0244,0.0256,0.0268,0.0279,0.0289,0.0298,0.0305,0.0311,0.0316,0.0321,0.0325,0.0329,0.0333,0.0337,0.0341,0.0346,0.0351,0.0356,0.0361,0.0367,0.0372,0.0378,0.0384,0.039,0.0398,0.0406,0.0416,0.0428,0.0444,0.0463,0.0485,0.0509,0.0535,0.0562,0.059,0.0618,0.0645,0.0673,0.0701,0.0729,0.0759,0.079,0.0823,0.0858,0.0895,0.107,0.117,0.0885,0.0402,0.0241,0.0241,0.0241,0.0322,0.0201,0.0161,0.0198,0.0238,0.0238,0.0198,0.0157,0.0315,0.0275,0.0241,0.0201,0.0318,0.0395,0.0388,0.0388,0.0535,0.0645,0.0682,0.0793,0.0756,0.083,0.211,0.252,0.123,0.0354,0.0391,0.0392,0.0868,0.0869,0.0613,0.0833,0.076,0.0834,0.0982,0.102,0.109,0.113,0.117,0.124,0.146,0.15,0.161,0.176,0.191,0.213,0.246,0.312,0.334,0.349,0.305,0.327,0.239,0.261,0.412,0.368,0.331,0.28,0.301
CRI,Total including LULUCF,,1.19,1.18,1.17,1.16,1.15,1.15,1.14,1.14,1.13,1.13,1.11,1.14,1.15,1.15,1.15,1.16,1.14,1.13,1.12,1.1,1.1,1.1,1.1,1.1,1.1,1.09,1.1,1.12,1.13,1.15,1.16,2.22,2.51,2.75,2.94,3.11,3.21,3.28,3.34,3.39,3.43,2.87,2.75,2.67,2.6,2.55,2.52,2.49,2.47,2.46,2.45,4.48,5.07,5.54,5.94,6.29,6.45,6.58,6.69,6.78,6.85,4.8,4.21,3.73,3.32,2.97,2.83,2.73,2.64,2.57,2.5,3.98,4.4,4.74,5.02,5.27,5.34,5.4,5.44,5.47,5.51,5.91,6.02,6.11,6.18,6.23,6.29,6.36,6.42,6.48,6.53,6.49,6.48,6.48,6.48,6.48,6.58,6.7,6.81,6.93,7.05,9.02,9.71,10.3,10.7,11,11.3,11.5,11.6,11.7,11.9,15.7,16.9,17.9,18.7,19.5,20,20.2,20.6,20.9,21.2,19.6,19.4,19.4,19,18.9,19,19.5,19.9,19.8,19.5,19.4,26.5,28.4,29.9,31.4,32.7,33.3,33.8,34.1,34.2,34.5,30.4,29.5,28.8,28.3,27.9,27.7,27.4,27.2,27.1,27,26.6,26.5,26.5,26.5,-1.14,-0.388,-0.358,-0.524,-0.691,-4.32,-4.26,-4.44,-4.35
CUB,Total including LULUCF,,1.95,1.93,1.92,1.9,1.89,1.88,1.87,1.86,1.85,1.84,1.82,1.86,1.88,1.89,1.89,1.89,1.87,1.84,1.82,1.8,1.8,1.8,1.79,1.78,1.78,1.78,1.79,1.81,1.84,1.86,1.88,3.69,4.2,4.6,4.94,5.23,5.39,5.51,5.61,5.69,5.77,4.79,4.6,4.45,4.33,4.24,4.18,4.13,4.1,4.07,4.05,7.53,8.53,9.34,10,10.6,10.9,11.1,11.3,11.4,11.5,8.03,7.02,6.19,5.49,4.87,4.64,4.45,4.3,4.17,4.05,6.58,7.29,7.87,8.35,8.77,8.89,8.99,9.06,9.11,9.17,9.84,10,10.2,10.3,10.4,10.5,10.6,10.7,10.8,10.9,10.8,10.8,10.8,10.8,10.8,11,11.2,11.3,11.5,17.3,21.5,22.4,23.2,23.6,25.1,24.5,33.1,37.6,35.4,33.6,38.6,42.6,43,45.5,47,48.1,49.2,49.9,51.6,53.5,51.2,51.7,52.9,53.2,57.2,57.6,59.8,61.1,62.9,62.6,64.2,78,77.4,82.4,84.8,87.5,88.5,90.5,91.1,89.2,85.3,79.5,75.1,76.2,68.4,68.5,65.6,64.7,64.8,65.3,64.2,63.8,62.8,61.7,62.4,66.7,66,69.7,69.1,77.8,23.5,23.7,26.9,29.3
CYP,Total including LULUCF,,-0.131,-0.131,-0.13,-0.13,-0.13,-0.13,-0.13,-0.13,-0.13,-0.13,-0.13,0.0402,0.0722,0.102,0.116,0.129,0.141,0.152,0.163,0.172,0.181,0.19,0.198,0.206,0.214,0.221,0.227,0.233,0.238,0.243,0.248,0.253,0.258,0.263,0.268,0.273,0.278,0.283,0.287,0.292,0.297,0.302,0.306,0.311,0.315,0.319,0.324,0.328,0.332,0.336,0.34,0.426,0.444,0.46,0.47,0.478,0.486,0.493,0.499,0.505,0.51,0.516,0.521,0.526,0.53,0.535,0.537,0.54,0.542,0.543,0.545,0.545,0.546,0.547,0.547,0.547,0.838,0.904,0.963,0.978,0.989,1.01,1.04,1.07,1.1,1.13,1.16,1.18,1.21,1.24,1.26,1.28,1.3,1.31,1.33,1.34,1.36,1.37,1.39,1.4,1.49,1.21,1.2,1.2,1.21,1.15,1.37,1.51,1.45,1.5,1.55,1.52,1.55,1.63,1.64,1.79,1.94,2.1,2.4,2.47,2.44,2.64,3.2,3.3,2.66,2.79,3.33,3.52,3.66,3.85,4.07,3.71,3.74,3.71,3.81,3.76,4.26,4.87,4.91,5.18,5.2,5.06,5.41,5.67,5.91,5.77,6.12,6.21,6.51,6.78,7.03,6.85,7.05,7.43,7.65,7.8,7.7,7.98,8.14,7.87,7.5,7.32,6.83,5.84,6.18
CZE,Total including LULUCF,,11.8,11.8,11.8,11.8,11.8,11.8,11.8,11.8,11.8,11.8,11.8,12.3,12.7,13.2,13.6,14.1,14.6,15,15.5,16,16.4,15.9,16.2,16.5,16.8,17.1,22,22.5,23,23.9,24.6,25.4,25.6,26.7,27.2,28,28.9,29.9,31.4,32.8,34.3,35.3,35.7,36.3,37,38,38.8,40.5,41.2,42,41.9,43.4,43.9,44.7,45.2,46.4,48.1,50.2,51,50.9,50.6,51.2,53.7,55.6,51.8,51.7,54.2,51.7,45.9,44.1,43.9,42.8,39.8,41.6,48.4,46.6,47.3,49.9,51.9,56.4,51.4,48.9,44.3,41.5,41.3,42,44.2,50.6,55.7,59.8,65.5,65.6,69.6,75.4,72.1,43.4,51.1,56.3,59.8,62.1,63.3,66.8,70.9,73.5,78.2,81.4,87.1,90.8,98.6,99.2,105,113,120,126,130,128,127,127,133,140,157,163,164,164,160,166,171,175,176,171,172,170,168,168,172,169,169,167,164,164,165,143,128,124,115,117,122,118,111,104,114,114,111,115,116,114,120,121,115,108,110,103,98.8,97.1,93.9
DEU,Total including LULUCF,,15.4,17.1,19.4,21,24.6,28.8,31.2,33.2,35.8,34,36.6,41.6,45.8,49.6,56.9,63.8,63.2,69.5,74.8,78,77.1,84.9,91.5,97.7,70.7,101,102,100,103,110,123,133,142,152,156,160,161,169,185,197,206,219,213,219,227,236,254,271,282,300,323,322,316,340,352,378,358,437,441,440,440,453,493,528,492,458,495,518,498,384,425,469,452,331,449,455,412,479,503,536,461,387,349,367,410,453,499,562,599,646,651,658,664,676,598,124,276,321,381,434,511,577,611,625,662,726,770,784,765,767,826,848,897,961,987,981,975,962,1010,1080,1050,1060,1060,1110,1090,1020,1110,1070,1100,1140,1110,1060,1030,1020,1040,1050,1050,1040,1040,1020,1030,958,910,901,885,884,905,876,868,841,844,892,876,878,866,846,862,838,840,775,819,776,787,763,719
DJI,Total including LULUCF,,0.000294,0.00031,0.000327,0.000345,0.000364,0.000383,0.000404,0.000426,0.000449,0.000472,0.000496,0.000521,0.000547,0.000575,0.000603,0.000633,0.000664,0.000697,0.000731,0.000766,0.000803,0.000842,0.000884,0.000928,0.000974,0.00102,0.00107,0.00112,0.00118,0.00123,0.00129,0.00134,0.0014,0.00146,0.00152,0.00159,0.00165,0.00172,0.00179,0.00186,0.00204,0.00211,0.00219,0.00228,0.00237,0.00247,0.00257,0.00267,0.00278,0.0029,0.00301,0.00314,0.00329,0.00346,0.00363,0.0038,0.00398,0.00414,0.00429,0.00442,0.00453,0.00462,0.0047,0.00476,0.00483,0.00489,0.00495,0.00501,0.00507,0.00514,0.00521,0.00529,0.00537,0.00544,0.00552,0.0056,0.0057,0.0058,0.00591,0.00603,0.00617,0.00635,0.00659,0.00688,0.0072,0.00756,0.00795,0.00835,0.00876,0.00917,0.00958,0.00999,0.0104,0.0108,0.0113,0.0117,0.0122,0.0127,0.0133,0.0152,0.011,0.0257,0.0257,0.0294,0.033,0.0367,0.0294,0.044,0.0477,0.0367,0.0404,0.044,0.0477,0.0661,0.0844,0.121,0.139,0.0881,0.121,0.0844,0.139,0.161,0.191,0.18,0.194,0.198,0.198,0.198,0.202,0.363,0.349,0.301,0.349,0.349,0.352,0.36,0.378,0.389,0.349,0.389,0.323,0.312,0.312,0.312,0.305,0.305,0.312,0.327,0.316,0.316,0.342,0.367,0.4,0.422,0.408,0.415,0.411,0.463,0.499,0.463,0.518,0.474,0.518,0.609,0.554
DMA,Total including LULUCF,,0.0000344,0.0000362,0.0000382,0.0000403,0.0000425,0.0000448,0.0000473,0.0000498,0.0000525,0.0000552,0.000058,0.0000609,0.000064,0.0000672,0.0000705,0.000074,0.0000777,0.0000815,0.0000855,0.0000896,0.0000939,0.0000985,0.000103,0.000108,0.000114,0.00012,0.000125,0.000131,0.000138,0.000144,0.00015,0.000157,0.000164,0.000171,0.000178,0.000185,0.000193,0.000201,0.000209,0.000218,0.000244,0.000254,0.000264,0.000276,0.000288,0.000302,0.000316,0.000331,0.000347,0.000364,0.000381,0.000399,0.000419,0.000441,0.000465,0.000489,0.000514,0.000539,0.000564,0.000588,0.000612,0.000634,0.000656,0.000677,0.000699,0.00072,0.000742,0.000765,0.000788,0.000812,0.000837,0.000864,0.000891,0.00092,0.000949,0.000979,0.00101,0.00104,0.00108,0.00111,0.00115,0.00118,0.00122,0.00126,0.0013,0.00134,0.00138,0.00143,0.00147,0.00152,0.00157,0.00163,0.00168,0.00173,0.00179,0.00185,0.00191,0.00199,0.00207,0.00216,0.00787,0.00551,0.011,0.00551,0.00551,0.00551,0.00551,0.00551,0.011,0.0165,0.0165,0.0165,0.0165,0.022,0.022,0.022,0.022,0.033,0.033,0.0275,0.0368,0.0369,0.037,0.0371,0.0413,0.0415,0.0416,0.0375,0.0373,0.0452,0.0498,0.0499,0.0544,0.054,0.0582,0.0627,0.0627,0.0626,0.0711,0.0762,0.0762,0.0763,0.0764,0.0807,0.085,0.089,0.094,0.0989,0.104,0.109,0.114,0.126,0.12,0.118,0.118,0.126,0.652,0.695,0.672,0.672,0.679,0.258,0.266,0.262,0.257
DNK,Total including LULUCF,,4.36,4.32,4.35,4.37,4.48,4.47,4.68,4.7,4.51,4.66,4.56,4.83,4.72,4.81,4.7,5.1,5.03,5.01,5.2,5.06,5.29,5.02,4.92,4.89,4.94,5.13,5.19,5.14,5.02,5.19,5.42,5.51,5.64,5.96,5.93,6.04,5.93,6.01,6.36,6.58,6.46,6.7,6.81,6.63,7.08,7.22,8.08,8.43,8.63,9.13,9.03,9.27,9.44,9.7,10.2,10,10.6,9.88,11.4,12.3,11.6,12.1,13.7,14,14.3,15,14.8,11.8,13.2,12.7,11.6,11.2,14.4,15.3,17.3,15.6,15.3,18.4,17.5,20.3,18.8,19.3,18.3,18.2,19.5,20.1,20.6,21,19.2,20.9,19.2,21.9,20.8,25.2,24.8,18,21.8,25.8,21,20.7,26.3,26.2,27.2,27.5,30.1,31.8,31,29.4,31.6,30.8,34.7,36.8,42.4,46.6,49.3,50.6,56.9,55.8,60.6,67,69.7,64.4,67.1,66.8,62.3,62.7,66.8,69.3,68.1,70.3,66.9,57.7,59.8,55.7,56.8,66.5,65.1,64.3,61.2,54.4,54.6,66,60.3,62.4,66.3,63.1,76.5,67.2,63.1,60.5,56.2,59.1,58.6,63.8,58.3,54.6,61.8,57,53.5,51,51.5,45.1,40.4,42.2,38.2
DOM,Total including LULUCF,,0.937,0.927,0.918,0.91,0.903,0.897,0.891,0.886,0.882,0.878,0.863,0.89,0.898,0.902,0.904,0.906,0.892,0.88,0.867,0.855,0.855,0.854,0.849,0.847,0.846,0.846,0.85,0.865,0.88,0.894,0.907,1.92,2.21,2.43,2.62,2.78,2.88,2.95,3,3.05,3.09,2.55,2.44,2.35,2.29,2.24,2.21,2.18,2.17,2.15,2.14,4.1,4.66,5.12,5.5,5.83,5.98,6.11,6.21,6.3,6.36,4.4,3.83,3.37,2.98,2.63,2.5,2.4,2.32,2.25,2.18,3.6,4,4.33,4.6,4.84,4.91,4.96,5,5.03,5.07,5.45,5.56,5.64,5.71,5.76,5.82,5.88,5.94,6,6.05,6.01,6,5.99,5.99,5.99,6.09,6.19,6.32,6.4,6.66,8.54,9.37,9.89,10.3,10.9,11.2,11.4,11.6,11.8,11.8,15.5,16.8,17.7,18.9,19.3,19.8,19.9,21,21.5,22,20.7,21.5,22.3,22.5,22.3,22.3,21.7,21.5,22.8,22.6,22.4,29.5,32.8,33.9,35,36.7,38.7,39.1,39.8,38.8,40.5,37.7,38.1,38.7,38.3,37.9,37.7,37.6,38.2,38.8,38.8,39.6,39.5,36.3,36.5,9.1,10.3,10.5,9.83,10.8,11.2,11.8,11.1,11.8
DZA,Total including LULUCF,,0.115,0.115,0.115,0.115,0.115,0.115,0.115,0.115,0.115,0.115,0.115,0.252,0.277,0.301,0.313,0.323,0.333,0.341,0.349,0.357,0.364,0.371,0.378,0.384,0.39,0.395,0.4,0.404,0.409,0.413,0.416,0.42,0.424,0.428,0.431,0.435,0.439,0.443,0.446,0.45,0.454,0.457,0.461,0.464,0.467,0.47,0.473,0.476,0.479,0.482,0.485,0.553,0.567,0.58,0.586,0.593,0.598,0.603,0.608,0.612,0.616,0.621,0.624,0.628,0.631,0.634,0.635,0.64,0.653,0.657,0.658,0.662,0.667,0.652,0.671,0.672,0.914,0.985,1.05,1.07,1.08,1.11,1.14,1.16,1.2,1.21,1.13,1.16,1.14,1.28,1.37,1.45,1.65,1.63,1.68,1.8,1.96,1.95,2.02,2.13,5.07,5.19,4.9,4.96,5.06,5.47,5.86,6.39,6.05,6.49,6.98,6.88,6.48,6.23,6.46,7.42,9.34,9.38,10,12.3,16,19.7,29.4,39.4,33,33.1,40.2,42.9,63.6,46.7,67.6,47.5,41.2,54.2,72.9,74.8,78.5,86.4,86.3,82.1,79.8,82.9,83.5,84.9,88.7,97.5,98.9,90.5,109,94.6,90.8,86.8,93.5,95.2,92.1,110,96.3,105,105,117,115,123,132,136,141
WORLD,Total including LULUCF,,2050,2030,2240,2250,2280,2280,2320,2340,2360,2400,2450,2510,2300,2330,2360,2390,2400,2440,2450,2480,2490,2600,2980,3070,3050,3130,3170,3210,3240,3330,3460,3630,3520,3610,3640,3670,3700,3760,3900,3880,3990,4030,4100,4080,4190,4300,4350,4440,4530,4700,4810,5110,5180,5480,5600,5850,6090,6460,6390,6530,6690,6540,6550,6710,6350,6270,6530,6700,6670,6230,6730,6470,6600,7090,7120,7160,7120,7610,7650,8060,8020,7640,6930,7090,7350,7530,7950,8170,7920,8160,8520,8600,8700,8870,8880,8080,8790,9440,9760,9600,10000,11300,11500,11700,12000,12900,13600,14000,14500,14500,15000,15300,15600,16200,16800,17400,18000,18400,18900,19800,20600,20600,21200,22000,22000,21900,23100,23600,24200,24700,24400,24000,24500,24800,25600,26400,26700,27500,28400,28900,28600,28700,27500,27700,27900,28300,28800,28800,28700,28800,29300,29100,30100,31600,32900,33500,33000,33600,34100,34000,35800,37000,37700,37800,38000
ECU,Total including LULUCF,,1.1,1.07,1.05,1.04,1.02,1,0.991,0.98,0.97,0.96,0.927,0.986,1,1.01,1.02,1.02,0.988,0.959,0.931,0.904,0.903,0.898,0.888,0.883,0.879,0.876,0.885,0.917,0.948,0.977,1.01,3.24,3.86,4.36,4.78,5.13,5.34,5.48,5.6,5.71,5.79,4.59,4.35,4.16,4.02,3.91,3.84,3.78,3.74,3.7,3.68,7.98,9.21,10.2,11,11.8,12.1,12.4,12.6,12.8,12.9,8.59,7.34,6.32,5.45,4.69,4.4,4.17,3.98,3.82,3.67,6.8,7.67,8.39,8.99,9.53,9.69,9.94,10.2,10.4,10.6,11.5,11.6,11.8,12,12.1,12.3,12.5,12.7,12.9,13,12.5,12.8,12.8,13,12.9,13,13.3,13.6,13.9,13.6,17.7,19.2,20.2,21.2,22.2,22.8,23,23.5,23.8,24.5,32.4,34.8,36.9,38.8,40.3,41.2,41.9,43,43.9,44.9,40.9,40.5,40.5,40.7,41.5,42.2,41.8,44.5,46.3,47.6,50.6,68.3,72.6,77.4,78.6,77,77.9,80.5,83.7,80.9,81.2,72.1,70.2,68.4,67.2,65.9,65.3,65.1,64.8,64.8,66.2,67.1,68.2,69.4,71.1,65,68.2,70.5,72.7,74.9,76.6,77.5,80.8,82.6
EGY,Total including LULUCF,,0.00374,0.00394,0.00416,0.00438,0.00462,0.00488,0.00514,0.00542,0.00571,0.006,0.00631,0.00663,0.00696,0.00731,0.00767,0.00805,0.00845,0.00886,0.0093,0.00975,0.0102,0.0107,0.0112,0.0118,0.0124,0.013,0.0136,0.0143,0.015,0.0157,0.0164,0.0171,0.0178,0.0186,0.0194,0.0202,0.021,0.0219,0.0228,0.0237,0.0258,0.0267,0.0277,0.0287,0.0298,0.031,0.0323,0.0335,0.0349,0.0363,0.0377,0.0393,0.0411,0.0431,0.0452,0.0473,0.0494,0.0514,0.0532,0.0548,0.0562,0.0123,0.0874,0.0425,0.316,0.0953,0.185,0.433,0.887,0.708,0.468,0.577,0.547,0.483,0.514,0.57,0.548,0.586,0.889,0.949,1.05,1.04,0.979,0.897,0.848,0.769,0.751,0.711,0.906,2.29,3.11,4.06,3.94,4.22,4.48,4.48,4.34,4.54,6.32,7.67,10.5,10.8,11.2,11.1,12,10.9,10.2,12.3,14.1,13.1,16.5,17.5,19.1,22.1,26.2,28.4,27.3,20.2,23.5,20.2,22.7,24.1,26.7,24.7,27.2,32.2,35.9,39.4,41.1,44.8,47.4,53.1,58.9,59.4,66.3,66.3,77.5,77.9,77.8,75.4,79.1,81.7,84.3,96.3,88.6,99.6,106,112,126,130,146,130,132,153,156,173,185,194,204,212,211,224,224,220,225
ERI,Total including LULUCF,,-0.00223,-0.00115,-0.000504,-0.000504,-0.0000371,-0.000439,-0.0000756,0.0000291,-0.000737,-0.00137,-0.002,-0.00262,-0.00189,-0.000509,0.00149,0.00415,0.00533,0.00653,0.00701,0.00655,0.0061,0.00569,0.00531,0.00672,0.0087,0.00997,0.0113,0.0119,0.0126,0.0133,0.0132,0.0131,0.013,0.0129,0.0146,0.0162,0.0179,0.019,0.0192,0.0192,0.0211,0.0208,0.0206,0.0199,0.0195,0.0211,0.0221,0.0244,0.0268,0.0283,0.029,0.0299,0.0336,0.0402,0.0486,0.0591,0.0713,0.0839,0.0964,0.108,0.119,0.129,0.14,0.15,0.159,0.169,0.178,0.189,0.199,0.209,0.22,0.229,0.237,0.245,0.252,0.259,0.266,0.273,0.281,0.29,0.298,0.307,0.317,0.328,0.339,0.355,0.366,0.379,0.391,0.409,0.415,0.424,0.444,0.461,0.478,0.493,0.508,0.523,0.544,0.565,0.588,0.612,0.608,0.631,0.655,0.68,0.705,0.73,0.752,0.772,0.79,0.804,0.814,0.84,0.852,0.874,0.866,0.866,0.857,0.871,0.846,0.859,0.83,0.862,0.89,0.824,0.891,0.818,0.865,0.883,0.858,0.988,0.998,1.06,1.09,1.05,1.09,1.09,1.14,1.13,1.16,1.14,1.3,1.69,1.85,2,2.07,1.87,1.68,1.69,1.67,1.69,1.66,1.64,1.69,1.74,1.16,1.18,1.01,1.11,1.11,1.27,1.34,1.35,1.31
